{
  "sentiment_avg": 0.09042613974707345,
  "sentiment_distribution": {
    "positive": 0.1509433962264151,
    "neutral": 0.8160377358490566,
    "negative": 0.0330188679245283
  },
  "toxicity_avg": 0.21226415094339623,
  "toxic_comments_ratio": 0.19339622641509435,
  "political_lean": {
    "left": 0.11320754716981132,
    "right": 0.07075471698113207,
    "predicted_left": 0.0,
    "predicted_right": 1.0
  },
  "avg_upvotes": 56.45754716981132,
  "total_comments": 212
}